Food Item,Type,Link,Energy,Protein,Carbohydrate,Fat,Health Meter,Indgredients
Alleppey Style Soya Vegetable Curry,veg,https://www.balancenutrition.in/recipes/recipe-details/alleppey-style-soya-vegetable-curry,Energy (kcal)- 183,Protein (g) - 19.6,Carbohydrate (g)- 25.4,Fat (g) - 0.8," The nutrients in vegetables are vital for health and maintenance of your body. Soya bean is one of the best non-fish sources of essential omega-3 fatty acids, that can help in reducing the risk of coronary heart disease. Soya nuggets provide a good amount of vitamins, minerals, fiber and protein for growing children. Soya contains a high amount of fiber, it helps in losing weight as well.","['Potatoes peeled - 20 g', 'Runner beans (chavli beans) -15 g', 'Carrot-1 medium', 'Tomato-1 medium', 'Curry leaves-5 to 7', 'Soya nuggets soaked- 30 g', 'Dried red chillies broken-2-3', 'Turmeric powder-1/4 tsp', 'Mustard seeds-1/2 tsp', 'Salt-to taste', 'Water- 2 tbsp']"
Avial,veg,https://www.balancenutrition.in/recipes/recipe-details/avial,Energy (kcal)- 190,Protein (g) - 4,Carbohydrate (g)- 26,Fat (g) - 6," Aviyal is a very delicious recipe. It is made up of mixed vegetables with many nutritional values. By adding vegetables not only it looks colorful but also, rich in nutrients and antioxidants which keep your body energetic. Vitamin A which is present in carrot assists the liver in flushing out the toxins from the body. It reduces the bile and fat in the liver. The fibers present in carrots help clean out the colon and hasten waste movement.","['White pumpkin, peeled -\xa0 20 g', 'Carrot, small - 1', 'Raw banana, small - 1', 'Drumstick, cut into ½ inch pieces - 5', 'Yam, peeled -\xa0 20 g', 'Broad beans stringed - 4', 'Salt- to taste\xa0', 'Cumin seeds  ½ tsp', 'Green chillies - 2 nos.', 'Rice -\xa0 2 tsp', 'Yogurt\xa0 - 1/2 cup', 'Oil -\xa0 ½ tsp', 'Curry leaves\xa0 - 4 to 5']"
Bajra Idli,veg,https://www.balancenutrition.in/recipes/recipe-details/bajra-idli,Energy (kcal)- 149,Protein (g) - 6.9,Carbohydrate (g)- 26,Fat (g) - 2.9," Bajra idli is a healthy and nutritious recipe as it is steam cooked. Bajra is rich in folate, potassium, magnesium, copper, zinc and vitamin E and B - complex. It is rich in calcium and iron too. Bajra helps maintain cardiovascular health and helps reduce acidity problems. This can be served along with mint or coriander chutney.
","['Bajra- 1 tbsp', 'Rice- 1/2 tbsp', 'Skinless black gram (dhuli urad dal)- 1 tbsp', 'Fenugreek seeds (methi dana)- 1/2 tsp', 'Mustard seeds- 1/4 tsp', 'Ginger chopped- 1/4 tsp', 'Green chilies- 1 - 2 no., chopped', 'Curry leaves- 1 tsp', 'Rice bran oil- 1/2 tsp', 'Salt- as per taste']"
Barley Idli,veg,https://www.balancenutrition.in/recipes/recipe-details/barley-idli,Energy (kcal)- 130,Protein (g) - 4.5,Carbohydrate (g)- 30,Fat (g) - 0.9," Barley idli is a very healthy twist to our normal idlis. Idli is a cereal-pulse combination, which gives us a complete protein (good quality protein). Barley is a very healthy carbohydrate which contains soluble fiber as well as b-glucan which helps drop weight, controls blood sugar levels and also lowers blood cholesterol.
","['Rice - 1 tbsp', 'Barley (jau)- 1 tbsp', 'Urad dal (split black lentils) - 1/2 tbsp', 'Mixed vegetables (carrots, french beans, peas etc.) - 1/4th cup, finely chopped ', 'Fenugreek (methi) seeds - ']"
Barnyard Idli,veg,https://www.balancenutrition.in/recipes/recipe-details/barnyard-idli,Energy (kcal)- 118,Protein (g) - 4.1,Carbohydrate (g)- 23,Fat (g) - 0.6, Barnyard millet is high in fiber and a good source of zinc and manganese. It is good for diabetes and helps in weight loss. It is also alkaline and digests easily which is makes it a healthy breakfast.,"['Barnyard millet- 1 tbsp\xa0', 'Sabudana- 1 tsp\xa0', 'Urad dal (Split)- 1/2 tbsp\xa0', 'Flattened rice (Poha)- 1/2 tbsp\xa0', 'Fenugreek seeds (Methi)- 1 tsp', 'Salt to taste']"
Barnyard Millet Dosa,veg,https://www.balancenutrition.in/recipes/recipe-details/barnyard-millet-dosa,Energy (kcal)- 136,Protein (g) - 4.1,Carbohydrate (g)- 23,Fat (g) - 0.6, Barnyard millet is high in fiber and a good source of zinc and manganese. It is good for diabetes and helps in weight loss. It is also alkaline and digests easily which makes it a healthy breakfast.,"['Barnyard millet- 1 tbsp', 'Urad dal (Split)- 1/2 tbsp', 'Flattened rice (Poha)- 1/2 tsp', 'Fenugreek seeds (Methi)- 1 tsp.', 'Oil- 1/2 Tsp']"
Barnyard Millet Pongal,veg,https://www.balancenutrition.in/recipes/recipe-details/barnyard-millet-pongal,Energy (kcal)- 136,Protein (g) - 4.7,Carbohydrate (g)- 21,Fat (g) - 3.1, Barnyard millet is high in fiber and a good source of zinc and manganese. Barnyard millet is good for diabetes and helps in weight loss. Ingredients,"['Barnyard millet- 20 g', 'Moong dal- 1 tbsp', 'Cumin seeds- 1/2 tsp', 'Black peppercorns-\xa0 1/2 Tsp', 'Salt as per taste\xa0', 'Ginger finely grated- 1/4 Tsp', 'Curry leaves- 4', 'oil\xa0 - 1/2 Tsp\xa0']"
Barnyard Millet Roti,veg,https://www.balancenutrition.in/recipes/recipe-details/barnyard-millet-roti,Energy (kcal)- 196,Protein (g) - 6.5,Carbohydrate (g)- 29.5,Fat (g) - 5.8," Banyard Millet nutritionally too, it is a good source of protein, which is highly digestible and is an excellent source of dietary fibre with a good amount of soluble and insoluble fractions. The carbohydrate content of barnyard millet is low and slowly digestible, which makes the barnyard millet nature's gift for modern mankind who is engaged in sedentary activities. Hence it can be potentially recommended for patients with cardiovascular disease and diabetes mellitus. Barnyard millet is most effective in reducing blood glucose and lipid levels. ","['Barnyard millet flour - 30 g\xa0\xa0', 'Wheat flour - 15 g', 'Salt -as per taste', 'Oil -1 tsp\xa0', 'Water - as required\xa0']"
Bisi Bele Bath,veg,https://www.balancenutrition.in/recipes/recipe-details/bisi-bele-bath,Energy (kcal)- 165,Protein (g) - 4,Carbohydrate (g)- 25,Fat (g) - 3," Bisi bele bath is a special recipe which is famous in south Indians. It is tasty and delicious. Being prepared with brown rice which is a great source of fiber and complex carbs to fuel the body with glucose. It's also an excellent source of magnesium, which works with calcium to build bones and teeth and to help the muscles contract. The presence of herbs and spices in this recipe adds more flavor & makes it antioxidant-rich dish.","['Brown rice raw - 20 g', 'Split toor dal - 1 tbsp', 'Oil - ½ tsp', 'Onion finely chopped - 2 tbsp', 'Curry leaves - 5', 'Green chillies - 1', 'Small onions, peeled - 3', 'Turmeric powder-\xa0 ¼\xa0 tsp', 'Asafetida - a pinch', 'Red chilli powder-\xa0 \xa0¼\xa0 tsp', 'Tomatoes finely chopped - 1 tbsp', 'Shelled green peas -\xa0 1 tbsp', 'Sambhar powder -1 tsp', 'Tamarind pulp - 2 tsp', 'Salt as per taste', 'Mustard seeds - ¼ tsp', 'Dried red chillies, broken - 1', 'Split Bengal gram (chana dal) - 1 tsp', 'Split black gram skinless (dhuli urad dal) -1 tsp', 'Green cardamoms - 2', 'Cloves- 2', 'Fenugreek seeds (methi dana) -¼ tsp', 'Cumin seeds\xa0 ( jeera ) - ¼ tsp', 'Cinnamon-\xa0 ½ inch stick', 'Slit green chillies - 1']"
Bread Dosa,veg,https://www.balancenutrition.in/recipes/recipe-details/bread-dosa,Energy (kcal)- 110,Protein (g) - 2,Carbohydrate (g)- 16.6,Fat (g) - 3.5, Curd is a probiotic which helps improve the gut function by increasing the good bacteria. Whole wheat bread has fiber which helps with digestion. Let the aroma of the tempered dosa tempt you more!,"['Whole wheat bread- 1 slice', 'Rice flour- 1 tsp', 'Besan - 1 tsp', 'Curd [yogurt or dahi]- 1 tsp', 'Salt- a pinch', 'Baking soda- a pinch']"
Brown Rice Payasam,veg,https://www.balancenutrition.in/recipes/recipe-details/brown-rice-payasam,Energy (kcal)- 250,Protein (g) - 7,Carbohydrate (g)- 30,Fat (g) - 5, Brown Rice is rich in fiber and is a good source of manganese and selenium. Hence all these benefits make the payasam a power-packed Onam dessert.,"['Brown Rice - 30 g', 'Milk - 100 ml', 'Cardamom powder - a pinch', 'Sugar-free Natura - 1 tablet (optional)', 'Ghee - 1/2 tsp', 'Almonds (chopped) - 1-2 nos.\xa0']"
Buttermilk With Fenugreek ,veg,https://www.balancenutrition.in/recipes/recipe-details/buttermilk-with-fenugreek,Energy (kcal)- 125,Protein (g) - 3.1,Carbohydrate (g)- 3,Fat (g) - 6," Buttermilk/Yoghurt is an excellent source of calcium, potassium, protein and vitamin B12.  It also contains probiotics which are active, good bacteria that helps to clean your digestive system. Calcium in yogurt helps to maintain bone density. Methi seeds are rich sources of minerals, vitamins, phytonutrients. The natural soluble fiber in the fenugreek can swell and fill the stomach thereby suppressing your appetite.","['Buttermilk(curd/yoghurt) - 100 ml', 'Turmeric powder - a pinch', 'Salt - as per taste\xa0', 'Curry leaves - 5-6', 'Green chillis, chopped into thin rings - 1', 'Oil - ½ tsp', 'Dry red chilli, broken in half - 1', 'Methi seeds (fenugreek,) - ½ tsp', 'Mustard seeds - ¼ tsp', 'Cumin (jeera,) seeds \xa0- ¼ tsp', 'Asafetida (hing) powder a pinch']"
Carrot Uttapam,veg,https://www.balancenutrition.in/recipes/recipe-details/carrot-uttapam,Energy (kcal)- 125,Protein (g) - 7,Carbohydrate (g)- 30,Fat (g) - 3," This recipe has a good combination of oats, rice and carrots. it has great protein source which makes it a very healthy breakfast option. The fiber present in carrots helps clean out the waste moment. oats are very low in calories and high in fiber content. which helps in weight loss.","['Normal rice (raw) -2 tbsp', 'Urad dal (raw)-\xa0 1 tbsp', 'Oats powder - 1 tbsp\xa0', 'Carrot (grated) \xa0- 2 tbsp', 'Oil-\xa0 ½ tsp', 'Salt- as per taste\xa0']"
Chicken Chettinad,non-veg,https://www.balancenutrition.in/recipes/recipe-details/chicken-chettinad,Energy (kcal)- 67,Protein (g) - 10,Carbohydrate (g)- 1,Fat (g) - 4," Chicken is rich in protein. Onions are low in calories and high in beneficial nutrients like vitamins, minerals and antioxidants. Tomatoes are a rich source of vitamins A and C and folic acid. It also contains a great deal of Vitamin A and Vitamin C. Poppy seeds outer husk is a good source of dietary fiber. Poppy seeds also contain good levels of minerals like iron, copper, calcium, potassium, manganese, zinc and magnesium. Cumin seeds have traditionally been noted to be of benefit to the digestive system. Coriander seeds are an excellent source of minerals like iron, copper, calcium, potassium, manganese, zinc and magnesium.","['Chicken - 50 g', 'Olive oil - 1/2 teaspoon', 'Onion (finely chopped)\xa0- 10 g\xa0', 'Curry leaves- 2-3 nos.', 'Tomatoes (chopped) - 20 g\xa0', 'Bay leaf - 1 no.\xa0']"
Chicken Salna,non-veg,https://www.balancenutrition.in/recipes/recipe-details/chicken-salna,Energy (kcal)- 76,Protein (g) - 10,Carbohydrate (g)- 1,Fat (g) - 5," Chicken is rich in protein. It also contains phosphorus, an essential mineral that supports your teeth and bones, as well as kidney, liver, and central nervous system function. Onions apart from being low in calories also have small amounts of calcium, iron, folate, magnesium, phosphorus, potassium and the antioxidants quercetin and sulfur. Tomatoes contain a wide array of beneficial nutrients and antioxidants, including alpha-lipoic acid, lycopene, choline, folic acid, beta-carotene and lutein. Ginger is commonly used to treat various types of stomach problems. Garlic can help lower the risk of heart disease by lowering total LDL cholesterol.","['Chicken-50g', 'Chilli powder a pinch', 'Turmeric powder a pinch', 'Lemon juice- 1/4 tsp', 'Salt as per the taste', 'Oil -½ Teaspoon']"
Coriander Leaves Rice,veg,https://www.balancenutrition.in/recipes/recipe-details/coriander-leaves-rice,Energy (kcal)- 130,Protein (g) - 2.5,Carbohydrate (g)- 22,Fat (g) - 3.5," Coriander rice is a tasty and simple recipe too. Some of the nutrients present in coriander, like linoleic acid, oleic acid, and ascorbic acid (vitamin-C) are very effective in reducing the level of bad cholesterol (LDL). It also helps in preventing nausea, vomiting, and other stomach disorders. Packed with natural oils, brown rice is extremely heart-friendly. Due to its fibrous concentration, brown rice facilitates healthy bowel movement and promotes weight-loss.","['Brown rice  30 g', 'Coriander  5-8 stocks', 'Green chilies  2-3', 'Salt as per taste\xa0', 'Oil  ½ tsp', 'Mustard seeds  ½ tsp', 'Urad dhal  5g', 'Channa dhal  10 g', 'Curry leaves - 4', 'salt - to taste', 'water - 2 cups']"
Couscous Upma,veg,https://www.balancenutrition.in/recipes/recipe-details/couscous-upma,Energy (kcal)- 163,Protein (g) - 3.3,Carbohydrate (g)- 28.6,Fat (g) - 3.2," Couscous is a very good source of dietary fiber,  plays a vital role in maintaining your health. Fiber proves to be beneficial for weight management because it absorbs water and swells in your digestive tract helping you feel full. Green peas are one of the most nutritious leguminous vegetables rich in health benefiting phyto-nutrients, minerals, vitamins and anti-oxidants.","['Couscous- 30 g', 'Green peas- 10 g\xa0', 'Chopped carrot- 10 g', 'Chopped Green chillies- ½ tsp', 'Grated ginger- ½ tsp\xa0', 'Turmeric powder- a pinch', 'Mustard seeds- ½ tsp', 'Cumin seeds- ½ tsp\xa0', 'Lemon juice- 1 tsp\xa0', 'Salt to taste', 'Oil-1/2 tsp']"
Curd Rice  (Quarantine Sp.),veg,https://www.balancenutrition.in/recipes/recipe-details/curd-rice-quarantine-sp,Energy (kcal)- 150,Protein (g) - 4.5,Carbohydrate (g)- 24,Fat (g) - 6," Curd has a good bacteria' present in it which strengthens your immune system by fighting against several microorganisms that are present in the body. The calcium present in it prevents your body from pumping more cortisol, which helps to reduce cholesterol and aids in weight loss.Brown rice not only provides satiety but also is much healthier than simply white rice as it is a whole grain. It is high in fiber which makes you feel full for longer time. ","['Brown Rice (raw)- 20 g', 'Yogurt whisked\xa0\xa0 -\xa0 1 cup', 'Cucumber finely chopped\xa0 - 2 tbsp', 'Carrot finely chopped\xa0 - 1 tbsp', 'Salt as per taste\xa0', 'Mustard seeds  ½ tsp', 'Asafetida\xa0 - a\xa0 pinch', 'Curry leaves\xa0\xa0 -\xa0 5\xa0', 'Ginger chopped - ½ tsp', 'Green chillies chopped-\xa0 2', 'Oil - ½ tsp']"
Dahi Bhindi ,veg,https://www.balancenutrition.in/recipes/recipe-details/dahi-bhindi,Energy (kcal)- 100,Protein (g) - 4,Carbohydrate (g)- 9,Fat (g) - 3.4, The low-calorie content of Okra and its high fiber content makes it a suitable food for weight loss. It provides minimum calories and the fiber helps in keeping you full for longer. Okra contains soluble fiber pectin. Pectin helps in lowering the bad cholesterol. Consuming curd or yogurt increases the capacity to absorb the nutrients and minerals from other foodstuffs. The calcium present in it prevents your body from pumping more cortisol which helps to reduce cholesterol and aids in weight loss.,"[""Tender lady's finger (okra) - 100 g"", 'Ginger -\xa0 ¼ tsp', 'Pepper corns - ¼ tsp', 'Oil - ½ tsp', 'Dry red chilli (tear into two pieces) - 1 no.', 'Cumin seeds -\xa0 ¼ tsp', 'Red chillis slit lengthwise - 2 nos.', 'Coriander powder - 1 tsp', 'Turmeric powder or haldi - 1/4 tsp', 'Besan (Bengal gram flour) -\xa0 1 tbsp', 'Curds (made from skimmed milk)- 2 tbsp', 'Salt-to taste']"
Dalia Idli,veg,https://www.balancenutrition.in/recipes/recipe-details/dalia-idli,Energy (kcal)- 120,Protein (g) - 3,Carbohydrate (g)- 25,Fat (g) - 2," A very fiber rich recipe because it contains wheat bran and wheat germ, broken wheat is an excellent source of fiber. It provides 5 g of fiber per 1/4 cup, which is 20 percent of the recommended daily value. Broken wheat fits well in a low-fat diet. It has no saturated fat, trans fat or cholesterol.
","['Dalia (raw)- 2 tbsp\xa0', 'Curd- 1 tbsp', 'Mixed veggies (e.g. boiled peas, grated carrot/bell pepper)- 1/2 cup\xa0', 'Cumin seeds- 1/2 tsp', 'Salt- as per taste', 'Oil- 1/2 tsp']"
Four Flour Dosa,veg,https://www.balancenutrition.in/recipes/recipe-details/four-flour-dosa,Energy (kcal)- 192,Protein (g) - 6.3,Carbohydrate (g)- 34,Fat (g) - 3.3," Bajra is rich in insoluble fiber that helps digestion and stool formation. It also contains niacin, a vitamin that plays a crucial role in lowering cholesterol levels, thereby preventing heart disease. The compounds in jowar, called phytochemicals, might help prevent and treat certain types of cancer. Ragi has a good amount of calcium in it. Cereal and protein ratio is 3:1 which make sure that this becomes a class 1 protein.","['Urad dal  - 10g\xa0', 'Fenugreek  seeds-\xa0 ¼ Teaspoon\xa0', 'Oil - 1/2 Tsp\xa0', 'Salt- to taste']"
Foxtail Millet Bisi Bele Bath,veg,https://www.balancenutrition.in/recipes/recipe-details/foxtail-millet-bisi-bele-bath,Energy (kcal)- 225,Protein (g) - 7.5,Carbohydrate (g)- 34.5,Fat (g) - 6.25," Foxtail millet is an annual grass grown for human food. It is the second-most widely planted species of millet and the most important in East Asia. In India, foxtail millet is still an important crop in its arid and semi-arid regions. In South India, it has been a staple diet among people for a long time from the Sangam period. It is a good source of dietary fibre, proteins and vitamins.","['Foxtail millet - 30 g', 'Ghee - 1 tsp', 'Mustard seeds - 1 tsp\xa0', 'Coriander seeds - 1/8 tsp', 'Shallots - 10-12 nos', 'Green chilli - 1 no', 'Tomato chopped-\xa0\xa01 large', 'Chopped vegetables - 1 cup\xa0', 'Turmeric powder - 1/4 tsp', 'Asafoetida - 1 pinch\xa0', 'Coriander seeds chopped - 2 tbsp', 'Dal [any as per your choice] - 15 g', 'Red chilli powder - 1 tsp', 'Sambhar masala - 1 tsp']"
Foxtail Millet Dosa,veg,https://www.balancenutrition.in/recipes/recipe-details/foxtail-millet-dosa,Energy (kcal)- 130,Protein (g) - 4.4,Carbohydrate (g)- 25,Fat (g) - 2.8," Foxtail millet is gluten-free cereal. It is also rich in protein, and low in fat. It has a good amount of fiber content, calcium, iron, potassium, magnesium, and carbohydrates. It is also high in anti-oxidants and helps in weight loss. Fenugreek seeds are rich in fiber and low in GI. Urad dal is a good source of protein. Therefore it is a very healthy option.","['Foxtail millet- 1 tbsp', 'Idli rice- 1/2 tbsp', 'White urad dal- 1/2 tbsp', 'Fenugreek seeds (Methi)- 1 tsp', 'Salt- as per taste', 'Oil- 1/2 tsp']"
Foxtail Millet Khichdi(korralu Khichdi),veg,https://www.balancenutrition.in/recipes/recipe-details/foxtail-millet-khichdi(korralu-khichdi),Energy (kcal)- 362,Protein (g) - 10.5,Carbohydrate (g)- 40.5,Fat (g) - 17.5," Foxtail millet is an annual grass grown for human food. It is the second-most widely planted species of millet and the most important in East Asia. In India, foxtail millet is still an important crop in its arid and semi-arid regions. In South India, it has been a staple diet among people for a long time from the Sangam period. It is a good source of dietary fibre, proteins and vitamins.","['Pepper - 1/2 tsp', 'Garlic - 5 no.', 'Oil - 2 tbsp.', 'Cumin seeds - 1/2 tsp', 'Mustard seeds - 1/2 tsp', 'Ginger (chopped) - 1/2 tsp', 'Onions (chopped) - 1/2 tsp', 'Green chillies - 3 no.', 'Salt - to taste', 'Curry leaves - 1 spring', 'Water - 3-4 cup', 'Foxtail millets - 1 cup', 'Mixed dal(chana dal, moong dal, split moong dal, red gram, toor dal) - 1 cup', 'Ghee - 1 tsp']"
Foxtail Millet Porridge,veg,https://www.balancenutrition.in/recipes/recipe-details/foxtail-millet-porridge,Energy (kcal)- 300,Protein (g) - 10,Carbohydrate (g)- 35,Fat (g) - 13.5," Foxtail millet is an annual grass grown for human food. It is the second-most widely planted species of millet and the most important in East Asia. In India, foxtail millet is still an important crop in its arid and semi-arid regions. In South India, it has been a staple diet among people for a long time from the Sangam period. It is a good source of dietary fibre, proteins and vitamins.","['Foxtail millet: 30 gm', 'Milk: 150 ml', 'Dates: 2', 'Chopped nuts: 1tbsp', 'Lotus seeds: 2 pieces\xa0', 'A handful of amaranth seeds[optional]\xa0']"
Foxtail Millet Upma,veg,https://www.balancenutrition.in/recipes/recipe-details/foxtail-millet-upma,Energy (kcal)- 182,Protein (g) - 6.5,Carbohydrate (g)- 35.35,Fat (g) - 0.62," Foxtail millet is an annual grass grown for human food. It is the second-most widely planted species of millet and the most important in East Asia. In India, foxtail millet is still an important crop in its arid and semi-arid regions. In South India, it has been a staple diet among people for a long time from the Sangam period. It is a good source of dietary fibre, proteins and vitamins.","['Foxtail millet / Navane - 1 cup\xa0', 'Water - 2-2.5 cup', 'Size onion finely chopped - 1 medium', 'Tomato chopped - 1 small\xa0', 'Mixed veggies (Beans, Carrot, Peas etc ) ( Optional ) finely Chopped - 1/2 cup\xa0', 'Green Chillies Chopped - 2-4\xa0', 'Few Coriander leaves Chopped', 'Lemon juice - 1 tsp\xa0', 'Salt to taste', 'Mustard - 1/2 tsp\xa0', 'Split Black gram Urad Dal - 1 tsp\xa0', 'Bengal Gram Chana Dal - 1/2 tsp\xa0', 'Turmeric / Haldi powder - a pinch', 'Few Curry Leaves\xa0']"
Garlic Rasam,veg,https://www.balancenutrition.in/recipes/recipe-details/garlic-rasam,Energy (kcal)- 50,Protein (g) - 3,Carbohydrate (g)- 3.3,Fat (g) - 0.3," This is a rasam that imbibes the goodness of garlic; this is good for digestion as well as for general well-being.  It is very good for common cold, sore throat, loss of appetite and fever, as it increases gut immunity, as garlic is an antibiotic and a blood cleanser. The inclusion of legumes provides the basic requirement of proteins.  Spices enhance the flavor of the soup further and are an excellent source of manganese, iron and vitamin K.


","['Split pigeon pea (toor dal/arhar dal),soaked- 1 tbsp', 'Garlic cloves- 2-3 nos.', 'Tomato (cubed0- 1 medium', 'Tamarind pulp- 1/2 tsp\xa0', 'Asafoetida- 1/4th tsp', 'Turmeric powder- 1/4th tsp\xa0', 'Salt- as per taste']"
Green Mini Uttapam ,veg,https://www.balancenutrition.in/recipes/recipe-details/green-mini-uttapam,Energy (kcal)- 150,Protein (g) - 3,Carbohydrate (g)- 25,Fat (g) - 3.6," A healthy version of the normal uttapam, containing the fiber and nutrients of brown rice. Brown rice provides complex carbohydrates, B vitamins, phosphorus, selenium, manganese, potassium and magnesium. Green peas provide proteins, vitamin C, vitamin E, and a good amount of the antioxidant mineral zinc.","['Brown rice - 2 tbsp', 'Yoghurt - 1 tbsp', 'Poha (pressed rice) - 1 tsp', 'Ginger (grated)\xa0- ½ tbsp', 'Green chilli (finely chopped)\xa0\xa0- 1', 'Green peas - 1 tbsp', 'Salt - to taste', 'Oil - ½ tsp']"
Green Moong Dosa With Flaxseeds,veg,https://www.balancenutrition.in/recipes/recipe-details/green-moong-dosa-with-flaxseeds,Energy (kcal)- 150,Protein (g) - 5,Carbohydrate (g)- 20,Fat (g) - 5.8," This recipe combines the best of south Indian snacks with the goodness of the whole moong, resulting in a wholesome and filling snack option. the use of the whole moong offers nutritious benefits. which is rich in fiber content helps in lower cholesterol level. flax seeds are the richest source of omega-3-fatty acids. it is full of healthy fats and fiber.  ","['Green Moong Dal- 1/2 tbsp\xa0', 'Raw Rice- 1 tbsp', 'Oil- 1/2tsp', 'To Grind to paste:', 'Green chilli- 1', 'Garlic- 2 pods', 'Ginger- 1 Tsp', 'Coriander/ mint leaves- 1 tbsp', 'Salt- as per taste']"
Idiyappam,veg,https://www.balancenutrition.in/recipes/recipe-details/idiyappam,Energy (kcal)- 144,Protein (g) - 6.1,Carbohydrate (g)- 24,Fat (g) - 5," Brown rice is a good source of minerals such as magnesium, phosphorus, selenium, thiamine, niacin, vitamin B6 and manganese. Brown rice is high in fiber is known to aid in weight loss. Oats are a good source of beta-glucan which is proven effective in lowering blood cholesterol and blood sugar levels. The carrot adds colour to the recipe and also is rich in vitamins and minerals, also improves vision. Flaxseeds help slow down glucose metabolism and lower cholesterol levels. The omega-3 fatty acids in this super food also reduce inflammation, lower blood pressure.","['Brown rice flour- 1 tbsp. (15 gms)', 'Oats flour- 1 tbsp. (15 gms)', 'Roasted flax seeds powder- 1 tsp.', 'Grated carrot- 2 tsp. (10gm)', 'Salt- as per taste\xa0', 'Oil- 1/2 tsp, to grease\xa0']"
Idli Tadka,veg,https://www.balancenutrition.in/recipes/recipe-details/idli-tadka,Energy (kcal)- 73,Protein (g) - 1.25,Carbohydrate (g)- 11,Fat (g) - 2.7," Idlis are an ideal nutritious breakfast dish as it is a rich source of carbohydrates, fibres and proteins. They help in weight loss as they are steamed, are light and low on calories. Fermentation is known to increase the bio availability of proteins and vitamins B.","['Mini idlis - 5-8', 'Green chillies  2-3', 'Turmeric powder - a pinch\xa0', 'Red chilli powder- ¼ tsp', 'Fresh coriander leaves (chopped) - \xa01 tsp', 'Fresh mint springs - \xa02-3', 'Mustard seeds -1 tsp', 'Salt to taste', 'Oil - ½ tsp']"
Kaikari Korma,veg,https://www.balancenutrition.in/recipes/recipe-details/kaikari-korma,Energy (kcal)- 100,Protein (g) - 2,Carbohydrate (g)- 10,Fat (g) - 3," Carrot - An orange crunchy power food you get vitamin A and a host of other powerful health benefits including beautiful skin, cancer prevention, and anti-aging. Green peas are one of the most nutritious leguminous vegetables, rich in health benefiting phytonutrients, minerals, vitamins, and anti-oxidants. Also, adding green bell pepper, onion and tomato make the sabji more colorful and more nutritious. Tomatoes are a rich source of vitamins A and C and folic acid, contain a wide array of beneficial nutrients and antioxidants including lycopene and folic acid.","['Carrot, french beans, cauliflower florets, capsicum, green peas - 1 cup\xa0', 'Oil - ½ tsp', 'Star anise - 1 piece', 'Curry leaves - 5 no.', 'Onions , finely chopped - 2 tbsp\xa0', 'Tomato puree - ½ cup', 'Salt- to taste', 'Cumin seeds - ½ tsp', 'Coriander seeds - ½ tsp', 'Fennel seeds (saunf) - ½ tsp', 'Garlic clove - 1', 'Ginger finely chopped - ½ tsp', 'Dried red chilli - 1', 'Green chilli - 1']"
,veg,https://www.balancenutrition.in/recipes/recipe-details/kerala-brown-rice-kadhi,Energy (kcal)- 100,Protein (g) - 2,Carbohydrate (g)- 10,Fat (g) - 3," Carrot - An orange crunchy power food you get vitamin A and a host of other powerful health benefits including beautiful skin, cancer prevention, and anti-aging. Green peas are one of the most nutritious leguminous vegetables, rich in health benefiting phytonutrients, minerals, vitamins, and anti-oxidants. Also, adding green bell pepper, onion and tomato make the sabji more colorful and more nutritious. Tomatoes are a rich source of vitamins A and C and folic acid, contain a wide array of beneficial nutrients and antioxidants including lycopene and folic acid.","['Carrot, french beans, cauliflower florets, capsicum, green peas - 1 cup\xa0', 'Oil - ½ tsp', 'Star anise - 1 piece', 'Curry leaves - 5 no.', 'Onions , finely chopped - 2 tbsp\xa0', 'Tomato puree - ½ cup', 'Salt- to taste', 'Cumin seeds - ½ tsp', 'Coriander seeds - ½ tsp', 'Fennel seeds (saunf) - ½ tsp', 'Garlic clove - 1', 'Ginger finely chopped - ½ tsp', 'Dried red chilli - 1', 'Green chilli - 1', 'Carrot, french beans, cauliflower florets, capsicum, green peas - 1 cup\xa0', 'Oil - ½ tsp', 'Star anise - 1 piece', 'Curry leaves - 5 no.', 'Onions , finely chopped - 2 tbsp\xa0', 'Tomato puree - ½ cup', 'Salt- to taste', 'Cumin seeds - ½ tsp', 'Coriander seeds - ½ tsp', 'Fennel seeds (saunf) - ½ tsp', 'Garlic clove - 1', 'Ginger finely chopped - ½ tsp', 'Dried red chilli - 1', 'Green chilli - 1']"
Kerala Style Chicken Stew,non-veg,https://www.balancenutrition.in/recipes/recipe-details/kerala-style-chicken-stew,Energy (kcal)- 93,Protein (g) - 10.5,Carbohydrate (g)- 5,Fat (g) - 5," Chicken also happens to be rich in niacin, one particular B-vitamin that guards against cancer and other forms of genetic damage. Sweet potato provides a good amount of vitamin A, vitamin C, vitamin B-6, pantothenic acid, potassium and manganese. Green peas are a very good source of vitamin K, manganese, dietary fiber, vitamin B1, copper, vitamin C, phosphorus, and folate. Carrots contain an antioxidant Beta-carotene. It also contains fiber, vitamin K, potassium, folate, manganese, phosphorous, magnesium, vitamin E and zinc. Coconut milk contains lauric acid, antimicrobial lipids and capric acid, which have antibacterial, anti-fungal and antiviral properties.","['Chicken - 50 g', 'Sweet Potato - 10 g', 'Carrot - 10 g', 'Boiled green peas- 10 g\xa0', 'Oil- 1/2 tsp\xa0', 'Onion - 10g', 'Ginger (chopped) - ¼ tsp', 'Garlic (chopped) - ¼ tsp', 'Green chillies- 2-3 nos.', 'Cinnamon- ½\xa0 stick', 'Cloves -1-2 nos.', 'Cardamom- 1 no', 'Pepper crushed - a pinch', 'Curry leaves 2-3 nos.', 'Vinegar-½ tsp', 'Salt as per taste', 'Coconut milk (Thin) -10 ml + water -10 ml']"
Kerela Olan ,veg,https://www.balancenutrition.in/recipes/recipe-details/kerela-olan,Energy (kcal)- 91,Protein (g) - 4,Carbohydrate (g)- 10,Fat (g) - 4," Ash gourd has several vitamins and minerals like phosphorus, calcium, riboflavin, iron, thiamine, niacin and vitamin C. Ash gourd contains a lot of moisture and also minute amounts of fats, fibers, carbohydrates, and protein. It is low in calories making it a suitable edible for obese and diabetic people. It has a cooling effect and works as a laxative. Ash gourd is useful in flushing out toxins from the body. It increases urine output and is beneficial in reducing inflammation. On the other hand, black-eyed beans are a rich source of protein, fiber, zinc, iron and vitamin C which is known to aid in the absorption of Iron. Overall the recipe is highly nutritious and can be easily consumed by people who wish to reduce weight and keep their blood sugar levels in check.","['Ash gourd (White pumpkin), cut into chunks - 250 g', 'Black-eyed beans (chawli) - 1/2 cup', 'Green chilli, slit lengthwise - 1', 'Coconut milk - 10 ml', 'Salt- to taste', 'Curry leaves - 4-5', 'Oil - 1/2 tsp']"
Lemon Rice  (Quarantine Sp.),veg,https://www.balancenutrition.in/recipes/recipe-details/lemon-rice-quarantine-sp,Energy (kcal)- 88,Protein (g) - 3,Carbohydrate (g)- 25,Fat (g) - 3," An authentic south indian dish made with brown rice which provides satiety due to its high fiber content and is much more healthier than simply white rice as it is a whole grain. Not only does it contain naturally healthy oils, nutrients such as selenium and manganese, phosphorus. By adding lemon which aids in vitamin C helps in iron absorption and is excellent for the skin.","['Brown rice (raw) - 30 g', 'Lemon juice - 2 tsp', 'Oil - ½ tsp', 'Mustard seeds -1/2 tsp', 'Asafoetida ( Hing ) -\xa0 a pinch', 'Split black gram skinless (dhuli urad dal) - ½ tsp', 'Curry leaves - 4-5', 'Whole dry red chillies broken -1', 'Turmeric powder  ¼\xa0 tsp', 'Salt as per taste\xa0']"
Malabar Appa Or Pathiri,veg,https://www.balancenutrition.in/recipes/recipe-details/malabar-appa-or-pathiri,Energy (kcal)- 120,Protein (g) - 3.4,Carbohydrate (g)- 17.4,Fat (g) - 4.5," Appa is also called Pathiri in Malabar cooking. These are essentially thin rice rotis served hot. Brown rice is high in fiber, acts as an anti-oxidant and has a low glycemic index. It helps in preventing diabetes, weight loss, heart disease and lowers cholesterol due to its high fiber content. Flaxseed helps slow down glucose metabolism and lower cholesterol levels. The omega-3 fatty acids in this superfood also reduce inflammation, lower blood pressure. It is a good option for adults as well as children.","['Brown Rice flour-20 g', 'Flaxseeds (roasted and coarsely grounded)- 10g', 'Salt to taste']"
Mamidikaya Pachi Pulusu Or Raw Mango Curry,vegan,https://www.balancenutrition.in/recipes/recipe-details/mamidikaya-pachi-pulusu-or-raw-mango-curry,Energy (kcal)- 96,Protein (g) - 1.1,Carbohydrate (g)- 15,Fat (g) - 2.8," The raw mangoes are loaded with vitamin C and B. The presence of oxalic acid, citric acid, succinic and malic acid gives it the sour taste. It also contains pectin.","['Raw mango/ Kairi- 1', 'Onion- 1/2 small no. chopped', 'Dry red chillies- 1 no.', 'Green chillies slit- 1/2 no.\xa0', 'Methi seeds- 1 tsp', 'Mustard seeds- 1/4th tsp', 'Cumin seeds- a pinch', 'Coriander- for garnishing', 'Curry leaves- a few', 'Water- 1/2 cup\xa0', 'Salt- as per taste', 'Oil- 1/2 tsp\xa0']"
Mangalorean Chicken Curry,non-veg,https://www.balancenutrition.in/recipes/recipe-details/mangalorean-chicken-curry,Energy (kcal)- 95,Protein (g) - 10,Carbohydrate (g)- 3,Fat (g) - 5," Chicken apart from being rich in protein, It is also high in retinol, alpha and beta-carotene, and lycopene, all derived from vitamin A, and all vital for healthy eyesight. Onions are a source of the strong antioxidant vitamin C that helps to combat the formation of free radicals known to cause cancer. The fatty acids in coconut milk are a natural antiseptic and may help treat dandruff, skin infections, wounds and dry, itchy skin. Coriander seeds are a great source of potassium, iron, vitamin A, K and C, folic acid, magnesium and calcium.","['Chicken - 50 g', 'Curry leaves - 2-3 nos.', 'Turmeric powder - a pinch', 'Tamarind pulp- 1 tsp', 'Salt as per taste', 'Coconut milk -10ml + 10ml water', 'Oil -1/2 tsp']"
Methi Dosa,veg,https://www.balancenutrition.in/recipes/recipe-details/methi-dosa,Energy (kcal)- 123,Protein (g) - 3.8,Carbohydrate (g)- 19.5,Fat (g) - 3," The fermented dosas help mitigate anti-nutrients as well as increase the bio-availability of the vitamins, minerals and macro-nutrients. This traditional dish is rich in carbohydrates, low in sugars and saturated fats, gluten-free and a good source of protein. Also, Methi dosa can be the perfect breakfast for diabetics as it is high in soluble fibre, reduces blood sugar levels by slowing down the digestion and absorption of carbohydrates. ","['Normal rice (raw)- 1 tbsp\xa0', 'Urad dal (raw)- 1 tbsp\xa0', 'Fenugreek seeds (methi)- 2 tsp', 'Asafoetida (hing)- a pinch', 'Salt- as per taste', 'Oil- 1/2 tsp']"
Millet Pongal,veg,https://www.balancenutrition.in/recipes/recipe-details/millet-pongal,Energy (kcal)- 177,Protein (g) - 6.3,Carbohydrate (g)- 32,Fat (g) - 6," Millet Pongal is a traditional south Indian recipe. Moong dal is a good source of protein and other nutrients. Compared to simply white rice, not only brown rice's fiber content high but also is low in glycemic index, reducing the blood sugar levels to rise. This millet, which is rich in calcium, helps in keeping your bones and teeth healthy.","['Moong dal/ Pesara Pappu -\xa0', 'Hulled millets [finger millet/ragi] -\xa0', 'Brown rice -\xa0', 'Water -\xa0', 'Few peppercorns', 'Boiled green peas -\xa0', 'Cumin -\xa0', 'Green chilli slit- 1', 'Grated ginger - 1/2 tsp', 'Pinch of hing', 'Pinch of turmeric', 'Oil\xa0', 'Salt to taste']"
Mix Dal Dosa ,veg,https://www.balancenutrition.in/recipes/recipe-details/mix-dal-dosa,Energy (kcal)- 168,Protein (g) - 6.7,Carbohydrate (g)- 19,Fat (g) - 5.7," Dosa is one such food item which is extremely appetizing and relatively light, adding low calories in your body. The combination of rice and pulses makes it a protein packed meal. Try this delicious dosa recipe.","['A mixture of [Green moong dal, Chana dal, Masoor dal, Urad dal, Toor dal] - ½ katori', 'Raw rice - 1 tbsp', 'Oil - 1/2 tsp\xa0', 'Salt - As per taste']"
Mixed Veg Vermicelli Or Seviyan Upma,veg,https://www.balancenutrition.in/recipes/recipe-details/mixed-veg-vermicelli-or-seviyan-upma,Energy (kcal)- 114,Protein (g) - 3.1,Carbohydrate (g)- 29,Fat (g) - 2.7, This mix veggie dish is very nutritious and healthy and full of vitamins and minerals. Vermicelli is good for health and is easily digestible. It has a special flavour and a lot of people prefer using vermicelli instead of spaghetti because it cooks very fast and has a thinner appearance.,"['Vermicelli- 30 gms', 'Split skinless black gram (urad dal) - 1/2 tsp\xa0', 'Split bengal gram (chana dal) - 1/2 tsp\xa0', 'Green peas - 10 gms\xa0', 'Carrot- 10 gms, cut into 1 inch cubes and boiled\xa0', 'Onion- 1 medium no. (30g)', 'Mustard seeds - 1/2 tsp', 'Curry leaves - 3 - 4 nos.', 'Green chilli- 1 no., finely chopped', 'Red chilli- 1 no., finely chopped', 'Turmeric powder- a pinch', 'Oil- 1/2 Tsp', 'Salt- as per taste']"
Mixed Vegetable Tamarind Rice,veg,https://www.balancenutrition.in/recipes/recipe-details/mixed-vegetable-tamarind-rice,Energy (kcal)- 145,Protein (g) - 5,Carbohydrate (g)- 20,Fat (g) - 3," Tamarind rice is a famous dish of south india, making this dish with brown rice instead of white rice which has the germ layer intact, which is a very good source of B vitamins and fiber. It has shown to have a tremendously positive effect on lowering cholesterol, blood sugar, and weight. Brown rice with daal makes this dish a perfect cereal pulse combination. By adding vegetables not only it looks colorful but also, is the complete nutrients and antioxidants which keep your body energetic.","['Carrots, cauliflower, green peas, French beans finely chopped and\xa0 boiled  1 cup', 'Brown Rice raw - 20 g', 'Oil -\xa0 ½ tsp', 'Asafoetida - a pinch', 'Mustard seeds\xa0 - ½\xa0 tsp', 'Split black gram skinless (dhuli urad dal)\xa0 - 1 tsp', 'Split Bengal gram (chana dal)\xa0 - 1 tsp', 'Whole dry red\xa0', 'Curry leaves- 5 - 6', 'Roasted peanuts- 1 tsp', 'Turmeric powder - ¼ tsp', 'Tamarind pulp - 2 tsp', 'Ginger chopped  ½ tsp', '\xa0seeds ( til) -1 tsp', 'Salt as per taste', 'Water - 2 cups']"
Moong Dal And Spinach Idli,veg,https://www.balancenutrition.in/recipes/recipe-details/moong-dal-and-spinach-idli,Energy (kcal)- 115,Protein (g) - 7.5,Carbohydrate (g)- 17.5,Fat (g) - 1.1," Moong dal is an amazing source of vegetarian protein, a good source of fibre as well as potassium. Adding curds to it adds up to the protein value. Not only moong dal but spinach is an amazing source of potassium too. Potassium helps our muscles to function more efficiently (even heart muscles), improves our nerve function and helps kidneys to filter blood. Now we know why popeye loved spinach.","['Raw yellow moong dal (split yellow gram)- 2 tbsp\xa0', 'Blanched and roughly chopped spinach (palak)- 3/4th cup', 'Finely chopped green chillies-3', 'Curd- 1 tbsp', 'Salt- as per taste', 'Fruit salt- a pinch']"
Multigrain Dalia Dosa,veg,https://www.balancenutrition.in/recipes/recipe-details/multigrain-dalia-dosa,Energy (kcal)- 150,Protein (g) - 7,Carbohydrate (g)- 2,Fat (g) - 3," Dalia is an effective tool for diabetic people. It has a low glycemic index and contains complex carbohydrates, which ensure a slow and steady release of glucose into the blood thereby preventing your blood sugar levels from spiking. The insoluble fiber it contains absorbs water, thus promoting faster elimination. Udad dal is one of the richest sources of protein and vitamin B. fenugreek seeds is an effective remedy for acid reflux or heartburn","['Udad dal -10g', 'Dalia-\xa0 20g', 'Rice - 10g', 'Fenugreek seeds - ½ tsp', 'Oil - ½ tsp', 'Salt to taste']"
Oats Rava Idli,veg,https://www.balancenutrition.in/recipes/recipe-details/oats-rava-idli,Energy (kcal)- 137,Protein (g) - 1,Carbohydrate (g)- 22.5,Fat (g) - 2, A very healthy twist to the regular old - style idlis. Oats is very high in soluble fibre and beta-glucan which is a protective factor against bad cholesterol (LDL).,"['Oats flour- 1 tbsp\xa0', 'Semolina (rava)- 1 tbsp\xa0', 'Curd- 1 tbsp', 'Grated ginger- 1/2 tsp', 'Finely chopped green chillies- 1 Tsp', 'Finely chopped coriander (cilantro) leaves- 1 tbsp', 'Salt- as per taste', 'Oil- 1/4th tsp\xa0', 'Water- as per requirement']"
Onion Uttapam  (Quarantine Sp.),veg,https://www.balancenutrition.in/recipes/recipe-details/onion-uttapam-quarantine-sp,Energy (kcal)- 140,Protein (g) - 5.2,Carbohydrate (g)- 22.5,Fat (g) - 3.3," A perfect cereal pulse combination. Black gram is rich in vitamins, minerals and devoid of cholesterol. It is a store house of calcium, potassium, iron, magnesium, copper, manganese etc. Urad dal contains vitamins and dietary fibers. Black gram also helps in increasing energy level.","['Normal rice (raw) UNREFINED - 1 tbsp', 'Urad dal (raw) - 1 tbsp', 'Onions thinly sliced - 30 g', 'Oil - ½ tsp', 'Salt- as per taste']"
Paniyaram(appe),veg,https://www.balancenutrition.in/recipes/recipe-details/paniyaram(appe),Energy (kcal)- 211,Protein (g) - 7.1,Carbohydrate (g)- 32.5,Fat (g) - 5.8," Banyard Millet nutritionally too, it is a good source of protein, which is highly digestible and is an excellent source of dietary fibre with a good amount of soluble and insoluble fractions. The carbohydrate content of barnyard millet is low and slowly digestible, which makes the barnyard millet nature's gift for modern mankind who is engaged in sedentary activities. Hence it can be potentially recommended for patients with cardiovascular disease and diabetes mellitus. Barnyard millet is most effective in reducing blood glucose and lipid levels. ","['Barnyard millet rice-30 gms', 'Black gram dal-15 gms', 'Fenugreek seeds-1 tsp', 'Onion (chopped)- 2 tbsp\xa0', 'Green chillies (chopped)-1-2 number', 'Cumin seeds- 1 tsp', 'Curry leaves-2-3', 'Oil-1 Tsp', 'Salt - as required']"
Pesarattu,veg,https://www.balancenutrition.in/recipes/recipe-details/pesarattu,Energy (kcal)- 137,Protein (g) - 7,Carbohydrate (g)- 19,Fat (g) - 3," Green moong is considered to be a perfect slimming food. It is not only low in fats, but green moong is also a rich source of protein and fiber which enables one to lower the high cholesterol level in the body system. The high fiber in green moong yields complex carbohydrate which improves digestion. It may also prove beneficial for people suffering from diabetes. Not only that green moong also has high levels of iron and folate. So overall pesarattu is a power packed, delicious and healthy option to consume. ","['Whole Green Gram- 30g', 'Onion- 1/2 small no. (25g), chopped finely', 'Cumin seeds- 1/4 tsp', 'Ginger- 1/2 inch piece', 'Thai green pepper- 1no.', 'Salt to taste\xa0', 'Oil- 1/2 Tsp']"
Pesarattu Dosa,veg,https://www.balancenutrition.in/recipes/recipe-details/pesarattu-dosa,Energy (kcal)- 158,Protein (g) - 5,Carbohydrate (g)- 20,Fat (g) - 3, Pesarattu dosa is a different  and very delicious breakfast recipe than regular one's. Moong dal contains a lot of minerals like calcium and potassium which is essential strengthens bones and teeth. Fat content in moong dal is very low so it is highly recommended for people who want to shed pounds from their body. Moong dal also helps for clearing toxins and unwanted chemicals from the body.,"['Whole green moong dal raw - 1 tbsp', 'Rice unrefined raw - 3 tbsp', 'Ginger finely chopped - ½ inch', 'Asafoe', 'Salt - as per taste\xa0', 'Oil - ½ tsp', 'Green chilli finely chopped - 2 nos.', 'Onion finely chopped - 2 tbsp']"
Poha Dosa  (Quarantine Sp.),veg,https://www.balancenutrition.in/recipes/recipe-details/poha-dosa-quarantine-sp,Energy (kcal)- 159,Protein (g) - 8,Carbohydrate (g)- 36,Fat (g) - 5," This is one dosa which is amazingly soft, spongy, porous and stays so even after some hours, excellent for tiffin boxes with some dry chutney. This poha dosa recipe is an Andhra speciality and also known as atukula.","['Idli rice- 30 g\xa0', 'Thick Poha/Ava- 15 g\xa0', 'Methi seeds- 1/4 tsp\xa0', 'Buttermilk- 1.5 cups (use 1/4 cup sour curd)\xa0', 'Salt- as per taste\xa0', 'Cooking soda- a pinch (optional)']"
Proso Millet Capsicum Rice,veg,https://www.balancenutrition.in/recipes/recipe-details/proso-millet-capsicum-rice,Energy (kcal)- 175,Protein (g) - 4,Carbohydrate (g)- 26,Fat (g) - 6, Millet’s are an extremely good source of fiber and protein compared with white rice. Proso millet is a healthy grain and alternative to rice. Do include millet in your daily diet for more health benefits to stay healthy.,"['\xa0Proso Rice Cooked to the softness - 1 cup', '\xa0Chopped capsicum to pieces - 1\xa0', '\xa0Chopped Onion - 1/2\xa0', '\xa0Cinnamon Stick Finely ground - 1/2\xa0', '\xa0Turmeric powder -\xa0\xa01/4 tsp', '\xa0Sambar Powder -\xa0\xa03/4 tsp', '\xa0Tamarind Pulp - 1/2 tbsp', '\xa0Mustard Seeds -\xa0\xa01/2 tsp', '\xa0Green chilli finely chopped - 1', '\xa0Oil -\xa0\xa01 tsp', '\xa0Salt To taste']"
Proso Millet Dosa,veg,https://www.balancenutrition.in/recipes/recipe-details/proso-millet-dosa,Energy (kcal)- 213,Protein (g) - 7,Carbohydrate (g)- 32,Fat (g) - 6.25, Millet’s are an extremely good source of fiber and protein compared with white rice. Proso millet is a healthy grain and alternative to rice. Do include millet in your daily diet for more health benefits to stay healthy.,"['Proso Millet – 1 cup', 'Onion – 1/4 onion', 'Green chilly – 1 no.s', 'Ginger – 1/4 inch', 'Cumin – 1/4 tsp', 'Coriander – 1 small bunch', 'Salt- to taste', 'Oil- 1 tsp', 'Black gram- 1/2 cup\xa0']"
Proso Millet Pongal,veg,https://www.balancenutrition.in/recipes/recipe-details/proso-millet-pongal,Energy (kcal)- 212,Protein (g) - 7.5,Carbohydrate (g)- 32.5,Fat (g) - 6, Millet’s are the extremely good source of fiber and protein compared with white rice. Proso millet is a healthy grain and alternative to rice. Do include millet in your daily diet for more health benefits to stay healthy.,"['Proso millet - 1/2 cup\xa0', '\xa0Moong daal - 1/4 cup', 'Salt, to taste', 'Green chillies or to taste - 2', 'Ghee- 1 tsp', 'Mustard seeds- 2 tsp', 'Asafoetida (hing) - 1 tsp', 'Cumin seeds (jeera) - 1 tsp\xa0', 'Turmeric powder - 3/4 tsp', 'Medium-sized carrot, peeled and cubed - 1', '\xa0Shelled green peas - 2 tbsp', 'Medium-sized onion, finely chopped - 1', 'Small-sized capsicum, chopped- 1/2', 'Medium-sized tomato, finely chopped- 1', 'A few stalks of coriander leaves, finely chopped']"
Puliyogare Rice,veg,https://www.balancenutrition.in/recipes/recipe-details/puliyogare-rice,Energy (kcal)- 168,Protein (g) - 3,Carbohydrate (g)- 15,Fat (g) - 9," Puliyogare or Tamarind Rice is a tangy-spicy South Indian Rice variety, which is known for its long shelf life and great travel food. This dish is also rich in protein and fibre.","['Brown Rice (raw) 30 g', 'Tamarind Paste-1tbsp', 'Mustard seeds  ¼th tsp', 'Dried red chilli - 1\xa0', 'Split Bengal gram (chana dal) - ½ tsp\xa0', 'Peanuts - 1 tsp\xa0', 'Curry leaves 3-4\xa0', '\xa0Jaggery (gur) ½ tsp\xa0', 'Red chilli powder - ¼ tsp\xa0', 'Sesame oil (til oil) 1 tsp\xa0', 'Coriander Seeds  ½ tsp\xa0', 'Asafoetida - a pinch\xa0', 'Salt to taste\xa0', 'Water - 2 cups']"
Puttu,veg,https://www.balancenutrition.in/recipes/recipe-details/puttu,Energy (kcal)- 155,Protein (g) - 4,Carbohydrate (g)- 23,Fat (g) - 3.8," Puttu , a very simple but delicious meal to have any time of day especially for breakfast. Rice provides you with energy. Coconut, a source of Medium chain triglyceride (good quality fat) which help to increase energy expenditure. Flax seeds, rich in fiber. Also contains Omega 3 fatty acids, that are good for health.","['Rice rawa flour: 30g', 'Cardamom powder: ¼ tsp', 'Flaxseeds powder: ¼ tsp', 'Ghee: ½ tsp', 'Grated Coconut: 1 tsp', 'Water: as required', 'Salt: to taste\xa0\xa0']"
Quick Dosa,vegan,https://www.balancenutrition.in/recipes/recipe-details/quick-dosa,Energy (kcal)- 100,Protein (g) - 7.5,Carbohydrate (g)- 41,Fat (g) - 3.5, Dosa makes for a yummy breakfast item. And also dosa with sambar is a great source of complete protein as it is made of rice batter and urad dal (black gram lentil) and is a complete meal in itself for kids. ,"['Raw rice - ? cup', 'Cooked rice - 1 tbsp', 'Urad dal - 1 tbsp', 'Oil - ½ tsp', 'Salt to taste']"
Ragi Ball,veg,https://www.balancenutrition.in/recipes/recipe-details/ragi-ball,Energy (kcal)- 100,Protein (g) - 2.4,Carbohydrate (g)- 21,Fat (g) - 0.5," Ragi ball, which is rich in calcium, helps in keeping your bones and teeth healthy. This food is quite popular during the summer season as it helps to keep the body cool. For those who are on a weight control diet and want to lose those love handles, ragi ball is the best food. It is also a remarkable source of protein, making it perfect for vegetarians.
","['Ragi flour- 2 tbsp\xa0', 'Rice- 1 tbsp (cooked- 2 tbsp)', 'Salt- as per taste', 'Water- as required']"
Ragi Porridge ,veg,https://www.balancenutrition.in/recipes/recipe-details/ragi-porridge,Energy (kcal)- 220,Protein (g) - 15,Carbohydrate (g)- 25,Fat (g) - 5," Ragi porridge is one of the extremely nutritious and easier to digest breakfast. Ragi is rich in calcium, iron and fibre. It also contains phytochemicals, which aids in slowing down the digestion process. Ragi's high levels of niacin help in increasing HDL cholesterol while lowering Triglycerides. It takes just a couple of minutes to prepare. One can drink as it is or mixes it with buttermilk and drink it. If one is feeding this porridge to toddlers add little more ghee to it.","['Ragi- 30 gms\xa0', 'Milk- 75 ml\xa0', 'Dry fruits- 8 gms\xa0', 'Water- 3 cups.\xa0', 'Salt- as per the taste\xa0', 'Jaggery/Sugar- 5 gms']"
Ragi Rava Upma,veg,https://www.balancenutrition.in/recipes/recipe-details/ragi-rava-upma,Energy (kcal)- 238,Protein (g) - 7.7,Carbohydrate (g)- 36.8,Fat (g) - 6.3," Ragi is a whole grain that is gluten-free and a staple of South India. It is a very good source of calcium, helps in controlling diabetes and helps battling anaemia. The high amount of dietary fibre in Ragi makes it a super food for weight loss.","['Ragi flour -  20gm', 'Rava - 10gm', 'Onion (chopped) - 1 no.', 'Carrot (chopped) - ½ no.\xa0', 'Green chilli (chopped) - 1 no.\xa0', 'Mustard seeds -  ¼ tsp\xa0', 'Chana dal -  1 tsp\xa0', 'Curry leaves - 2-3 no.\xa0', 'Oil - 1 tsp\xa0', 'Coriander leaves for garnish\xa0', 'Salt to taste']"
Ragi Uttapam,veg,https://www.balancenutrition.in/recipes/recipe-details/ragi-uttapam,Energy (kcal)- 175,Protein (g) - 6,Carbohydrate (g)- 30.5,Fat (g) - 3.5," This carbohydrate filled uttapam containing the nutritious whole cereal and also a great protein source makes it a very healthy breakfast option. Ragi contains all the essential amino acids, is the highest in calcium and potassium, and also a very rich source of iron. Due to its high fiber and polyphenol content, it had antibacterial, antioxidant and anti-diabetic properties. Also being high in the amino acid, tryptophan, the appetite-controlling amino acid, ragi uttapam is one of the best options for weight loss.","['Ragi Flour- 1 tbsp\xa0', 'Rice (raw)- 1 tbsp', 'Urad dal (raw)- 1 tbsp', 'Grated carrot- 10gm', 'Finely chopped Green Chilli- 1', 'Cumin Seeds- 1/4th tsp', 'Finely chopped coriander (cilantro) leaves- 1 tsp', 'Salt- as per taste\xa0', 'Oil- 1/2 Tsp', 'Water- as required\xa0']"
Ragi Vegetable Idli,veg,https://www.balancenutrition.in/recipes/recipe-details/ragi-vegetable-idli,Energy (kcal)- 165,Protein (g) - 5.9,Carbohydrate (g)- 30,Fat (g) - 1," Ragi idli is not just nutritious but also delicious. Ragi idli is the best ragi recipe as it preserves more nutrients because it is steam-cooked. With the traditional rice idli, the presence of ragi adds on to the nutritional quality of the idli. To make this dish healthier, tastier and wholesome, adding vegetables such as green peas, carrot, and French beans makes it yet more perfect. Coriander chutney and sambar are the best side dishes to be had with the whole grain-rich steamed idlis.","['Ragi flour- 1 Tsp\xa0', 'Rice (raw)- 1 tbsp', 'Urad dal (raw)- 1 tbsp', 'Mixed veggies (e.g. Finely chopped/grated Red/yellow/green bell pepper, carrots)- 1/2cup', 'Green chillies- 1', 'Oil- 1/4th tsp (to grease)', 'Salt- as per taste\xa0']"
Ragi Vermicelli Or Seviyan Upma  (Quarantine Sp.),veg,https://www.balancenutrition.in/recipes/recipe-details/ragi-vermicelli-or-seviyan-upma-quarantine-sp,Energy (kcal)- 227,Protein (g) - 5.9,Carbohydrate (g)- 33.7,Fat (g) - 7.7," Ragi is a whole grain that is gluten-free and a staple of South India. It is a very good source of calcium, helps in controlling diabetes and helps battling anaemia. The high amount of dietary fibre in Ragi makes it a super food for weight loss.","['Ragi sevaiya (vermicelli) - 1 cup\xa0', '\xa0Onion, sliced - 1/2 small\xa0', 'Green chillies - 2-3\xa0', '\xa0Grated coconut (optional but recommended) - 1/3 cup', '\xa0Oil - 1/2 tsp\xa0', '\xa0Mustard seeds - 1/4 tsp', 'Split urad dal (ulutham paruppu) - 1/4 tsp', 'Grated ginger - 1/2 tsp\xa0', 'Salt to taste']"
Rasam,veg,https://www.balancenutrition.in/recipes/recipe-details/rasam,Energy (kcal)- 75,Protein (g) - 3.5,Carbohydrate (g)- 9,Fat (g) - 2.8," Rasam is a  commonly had recipe in the South, not only does it contain the anti-bacterial properties of all the seasonings such as cumin seeds, asafoetida, but also consists of a boost in protein with the addition of toor dal. High in protein and easy to digest, the food item is best for digestion and also for ones general well-being. Also, containing tamarind juice as its base makes rasam a yummy tangy flavored delight.","['Coriander seeds - 1 tsp', 'Cumin seeds - 1 tsp', 'Asafetida - 1/4 tsp', 'Red chilli powder- 1/4 tsp', 'Black pepper - 1/4 tsp', 'Mustard seeds - 1/4 tsp \xa0 \xa0 \xa0 \xa0 \xa0 \xa0 \xa0 \xa0 \xa0 \xa0 \xa0 \xa0 \xa0 \xa0 \xa0 \xa0 \xa0 \xa0 \xa0 \xa0 \xa0 \xa0 \xa0 \xa0 \xa0 \xa0 \xa0 \xa0 \xa0 \xa0 \xa0 \xa0 \xa0 \xa0 \xa0 \xa0']"
Rava Pongal,vegan,https://www.balancenutrition.in/recipes/recipe-details/rava-pongal,Energy (kcal)- 89,Protein (g) - 2.6,Carbohydrate (g)- 14,Fat (g) - 2.75," This recipe is low in calories and loaded with many nutrients.  This recipe has also got immense health benefits like increasing immunity, high in protein, easily digestible. ","['Rava - 4 tbsp.\xa0', 'Moong dal - 1 tbsp.', 'Cumin powder - 1 pinch\xa0', 'Salt as Required']"
Sadya Parippu Curry,vegan,https://www.balancenutrition.in/recipes/recipe-details/sadya-parippu-curry,Energy (kcal)- 90,Protein (g) - 3,Carbohydrate (g)- 14,Fat (g) - 3," Lentils such as pigeon pea and tur dal are a powerhouse of nutrition. They are particularly rich in dietary fiber, lean protein, folate, and iron. Apart from that, they are also considered to be a good source of potassium, calcium, zinc, niacin and vitamin K. Parippu is hence a wonderful recipe packed with nutrients that can be easily relished during Onam.","['Split pigeon pea or Toor Dal - 1/2 cup', 'Shallots or pearl onions finely sliced - 2-3 no.', 'Garlic clove; finely chopped - 1', 'Ginger, finely chopped - 1/4 tsp\xa0', 'Green chillies, slit lengthwise - 1no.', 'Oil - 1/2 tsp', 'Curry leaves, crushed between the palms to enhance flavour - 2 spring', 'Water - 1or 2 cups']"
Sambar,vegan,https://www.balancenutrition.in/recipes/recipe-details/sambar,Energy (kcal)- 169,Protein (g) - 7.7,Carbohydrate (g)- 22,Fat (g) - 5, Sambar is undoubtedly an indispensable part of South Indian cuisine. It provides antioxidants and various health-promoting benefits. Sambar is a vegetarian dish and rich in fibre and protein. It helps to boost up immunity. It is low in calories and can be included in a weight-reducing diet. So you can lose weight and continue to enjoy aromatic and tasty food.,"['Toovar (Arhar) dal- 1/4 cup', 'Drumsticks- 1/2 stick', 'Bottle gourd (dudhi / lauki) cubes- 1/2 cup\xa0', 'Oil- 1 tsp', 'Mustard seeds (rai)- 1/4 tsp', 'Curry leaves - 1-2', 'Asafoetida (Hing)-a pinch', 'Tomato chopped- 1 small\xa0', 'Shallots (madras onions)- 1 small\xa0', 'Tamarind (Imli) pulp- 1/2 tsp\xa0', 'Sambhar powder-1/2 tsp', 'Chilli powder- 1 tsp\xa0', 'Turmeric powder (Haldi)-a pinch', 'Salt - to taste', 'Chopped coriander (dhania)-1/2 tsp']"
Sarva Pindi,veg,https://www.balancenutrition.in/recipes/recipe-details/sarva-pindi,Energy (kcal)- 189,Protein (g) - 5.7,Carbohydrate (g)- 31,Fat (g) - 4.9," Ragi, bajra and jowar flour is high in fiber and low in GI, therefore, it helps in maintaining blood glucose level and also helps in weight loss. Chana dal is a good source of protein. Flaxseeds have good amounts of fiber and omega-3 fatty acids. It is a good cereal-pulse combination. ","['Ragi flour- 1 tbsp', 'Bajra flour- 1/2 tbsp', 'Jowar flour- 1/2 tbsp', 'Channa dal- 2 tsp', 'Flaxseeds- 1 tsp', 'Onion finely chopped- 1/2 small no.', 'Ginger garlic paste- 1/4th tsp', 'Red chilli powder- 1 tsp', 'Green chillies- 1 no., finely chopped', 'Curry leaves- a few', 'Water- as required', 'Salt- as per taste', 'Oil- 1/2 tsp']"
Soya Dosa,veg,https://www.balancenutrition.in/recipes/recipe-details/soya-dosa,Energy (kcal)- 184,Protein (g) - 10.1,Carbohydrate (g)- 23,Fat (g) - 5.8, Soy flour is a gluten-free and good source of protein. Urad dal is also a good source of protein. It is a healthy dosa.,"['Soy flour- 1 tbsp', 'White urad dal- 1tbsp, soaked overnight', 'Rice flour- 1/2 tbsp', 'Salt- as per taste', 'Oil- 1/2 Tsp']"
Sprouts Idli,veg,https://www.balancenutrition.in/recipes/recipe-details/sprouts-idli,Energy (kcal)- 218,Protein (g) - 10,Carbohydrate (g)- 30,Fat (g) - 3," Sprouts are a good source of vegetarian proteins, potassium, vitamin B & fiber as well. Potassium helps our muscles to function efficiently. Dosa batter contains probiotics, which are helpful to clean your gut. It's a very good cereal-pulse combination. It will taste yummy if had with green chutney/ sambar.","['Bean sprouts- 1 tbsp.', 'Moong sprouts- 1 tbsp', 'Idli batter- 30 g', 'Green chilies- 2', 'Ginger- 1/2 inch piece', 'Red chili powder- 1/4 tsp\xa0', 'Turmeric powder- 1/4 tsp\xa0', 'Water- 1/2 cup', 'Salt- as per taste\xa0', 'Oil - 1/2 tsp']"
Sweet Pongal ,veg,https://www.balancenutrition.in/recipes/recipe-details/sweet-pongal,Energy (kcal)- 220,Protein (g) - 7.5,Carbohydrate (g)- 21,Fat (g) - 5," Brown rice is a good source of minerals such as magnesium, phosphorus, selenium, thiamin, niacin and vitamin B6 and manganese. Brown rice is high in fibre is known to aid in weight loss. Moong dal adds on to its protein content. Dates are rich in several vitamins, fibre, minerals, calcium, iron, potassium, phosphorous, manganese, copper and magnesium which are all beneficial for health. Addition of Flax seed will make it healthier as they shall provide us good fats essential for the body. Raisin and dates are natural sweeteners.","['Brown Rice - 15 g', 'Moong dal / Pesara Pappu - 15 g', 'Green cardamom powder - 1/4 tsp\xa0', 'Ghee - 1/2 tsp\xa0', 'Raisins - 1 tsp', 'Almonds - 2 nos.', 'Flaxseed - 1 tsp', 'Fresh Date [khajoor]\xa0 - 1 nos.', 'Cloves (optional)\xa0 - 1 or 2 nos.']"
Tomato Garlic Chutney,vegan,https://www.balancenutrition.in/recipes/recipe-details/tomato-garlic-chutney,Energy (kcal)- 48,Protein (g) - 0,Carbohydrate (g)- 6,Fat (g) - 2.5," Tomatoes are a good source of vitamin A which help in maintaining healthy vision and skin. Garlic has several health benefits like lowering cholesterol, controlling blood pressure, preventing heart disease and cancer. This chutney goes great as an accompaniment with idli, dosa, paratha, thepla, etc.","['Tomatoes-2 nos', 'Red chillies-3 to 4 nos', 'Garlic cloves-15 nos', 'Gingelly oil/ sesame oil-1/2 tsp', 'Salt for taste', 'Water as required']"
Tomato Rice  (Quarantine Sp.),veg,https://www.balancenutrition.in/recipes/recipe-details/tomato-rice-quarantine-sp,Energy (kcal)- 150,Protein (g) - 3.5,Carbohydrate (g)- 27,Fat (g) - 3," Tomato rice is a very tasty recipe and very simple to prepare. Besides that, tomatoes contain large amounts of the antioxidant lycopene, that is effective in lowering the risk of cancer,  Eating tomatoes daily can keep your digestive system healthy as it prevents both, constipation and diarrhea. It also effectively removes toxins from the body. Brown rice contains naturally healthy oils, nutrients such as selenium and manganese, phosphorus and it is high in fiber which aids in weight loss.","['Brown rice\xa0 - 30 g', 'Tomatoes ( will make 1cup chopped tomatoes) - 2', 'Oil - ½ tsp', 'Raw shelled peanuts - 1tsp', 'Mustard seeds - ½ tsp', 'Green chilli chopped - 1', 'Turmeric powder - a pinch', 'Sambar powder-\xa0 1 tsp', 'Salt as per taste', 'Cilantro (hara dhania/coriander leaves) chopped - 2 tbsp', 'Water-\xa0 1cup']"
Tricolour Idli Fun,veg,https://www.balancenutrition.in/recipes/recipe-details/tricolour-idli-fun,Energy (kcal)- 312,Protein (g) - 9.25,Carbohydrate (g)- 60.5,Fat (g) - 3.25," A colourful twist to traditional idli. Adding colours makes the idli appear attractive it also increase the nutritional profile, making it rich not only in protein but also loaded with vitamins and anti-oxidant from tomato, coriander/mint. ","['Idli Batter - as required\xa0', 'For Orange Colour', 'Tomato - 1 big\xa0', 'Red Chilies powder- 1/2 tsp', 'For green colour\xa0', 'Coriander leaves/Mint - 1 cup', 'Cumin Seeds - 1/4\xa0tsp', 'Salt to taste']"
Veg Oats Dosa,veg,https://www.balancenutrition.in/recipes/recipe-details/veg-oats-dosa,Energy (kcal)- 143,Protein (g) - 3.75,Carbohydrate (g)- 23,Fat (g) - 4.3," Oats is very high in soluble fiber which is a protective factor against diabetes, high cholesterol levels, poor heart health, and obesity. Most of the benefits of carrots can be attributed to their beta carotene and fiber content. This root vegetable is also a good source of antioxidant agents.","['Quick-cooking rolled oats -15 g', 'Rice flour- 15 g', 'Roasted semolina (rava) - ½ tsp', 'Beetroot, grated-\xa0 \xa0½ small', 'Grated carrot - ½ small', 'Cabbage [chopped] - 1 tbsp', 'Grated ginger (adrak)-\xa0 1 inch', 'Freshly ground black pepper powder - ¼ tsp', 'Cumin seeds (jeera) powder- ¼ tsp', 'Green chillies, chopped - 1\xa0', 'Salt to taste', 'Oil-\xa0 \xa0½ tsp', 'Chopped coriander (dhania) for garnishing']"
Vegetable Idlis,vegan,https://www.balancenutrition.in/recipes/recipe-details/vegetable-idlis,Energy (kcal)- 178,Protein (g) - 6,Carbohydrate (g)- 31,Fat (g) - 3," A colourful and tasty idli recipe that you will enjoy to the core! The batter for making vegetable idlis is different from the traditional idli batter and is ground using coconut milk, which gives it a soothing flavor and soft texture too. Since the vegetables are added to the batter before fermenting, they become semi-soft and get cooked within the same time as the idlis without requiring any separate attention. ","['Grated carrot - 2 tbsp', 'Grated cabbage - 2tbsp', 'Onion - 1tbsp', 'Split black lentils - 2 tsp', 'Par boiled rice - ¼ cup', 'Cumin seeds - pinch', 'Salt to taste', 'Oil for greasing - ½ tsp']"
Vegetable Kadalai Curry,vegan,https://www.balancenutrition.in/recipes/recipe-details/vegetable-kadalai-curry,Energy (kcal)- 141,Protein (g) - 2.5,Carbohydrate (g)- 30,Fat (g) - 50," This recipe is a mixture of good amounts of nutrients like potassium, fiber, folate (folic acid) and vitamins A, E and C. As a rich source of these vitamins, minerals, and fiber, Kondai Kadalai (Whole Gram) may also offer a variety of health benefits, such as improving digestion, aiding weight  management and reducing the risk of several diseases. Additionally, they are high in protein and make an excellent replacement for meat in vegetarian and vegan diets.","['Kondai Kadalai (whole Bengal gram) - ¼ katori\xa0', 'French Beans [medium sizes] - 5 no.\xa0', 'Carrot [medium sized] - 1 no.', 'Cauliflower floret - 1 cup\xa0', 'Onion [finely chopped] - ½ katori\xa0', 'Tomato [finely chopped] - 1 katori\xa0', 'Oil - 1 tsp\xa0', 'Red chilli powder – 1 tsp\xa0', 'Turmeric powder - ½ tsp\xa0', 'Mustard seeds - ½ tsp\xa0', 'Curry leaves - 4 no.\xa0', 'Coconut [grated] - 2 tbsp\xa0', 'Salt - as per your taste\xa0', 'Water - as required']"
Vegetable Stew,veg,https://www.balancenutrition.in/recipes/recipe-details/vegetable-stew,Energy (kcal)- 131,Protein (g) - 3,Carbohydrate (g)- 12,Fat (g) - 3," This vegetable stew is a complete combination of vitamins, minerals, antioxidants. Low in calories, filling and provides a better nutrition. It doubles up as a soup as well as a main course.","['1 cup mixed vegetables  carrot, yellow zucchini, cauliflower separated into florets, green zucchini cubed, green peas, spinach leaves  2 tbsp chopped,\xa0', 'Vegetable stock  1 Cup', 'Cloves  2-3', 'Cumin seeds  a pinch', 'Black peppercorns -2-3', 'Onion -1/2 small', 'Salt to taste', 'Black peppercorns freshly crushed  a pinch', 'Garlic cloves -2\xa0', 'Celery stalk chopped -2 tbsp.', 'Whole wheat flour (atta)  1 tsp.', 'Buttermilk  25 ml', 'Oil  ½ tsp.']"
Ven Pongal ,veg,https://www.balancenutrition.in/recipes/recipe-details/ven-pongal,Energy (kcal)- 134,Protein (g) - 4.9,Carbohydrate (g)- 20,Fat (g) - 2.3," Brown rice is the ""unrefined"" version of white rice. The side hulls and brans provide ""natural wholeness"" to the grain and are rich in proteins, thiamine, calcium, magnesium, fiber, and potassium. For those trying to lose weight or those suffering from diabetes, brown rice can prove a healthful staple given its low glycemic rating which helps reduce insulin spikes. Mung daal is a good source of protein, which makes this dish a perfect cereal pulse combination. ","['Brown rice - 20 g', 'Yellow moong dal\xa0 - 1 tbsp', 'Oil\xa0 - ½ tsp', 'Cumin seeds  ½ tsp', 'Black peppercorns  ½ tsp', 'Salt as per taste\xa0', 'Ginger finely grated  ½ tsp', '\xa0leaves-\xa0 4']"
